First Name,Middle Name,Last Name,Phonetic First Name,Phonetic Middle Name,Phonetic Last Name,Name Prefix,Name Suffix,Nickname,File As,Organization Name,Organization Title,Organization Department,Birthday,Notes,Photo,Labels,E-mail 1 - Label,E-mail 1 - Value,Phone 1 - Label,Phone 1 - Value,Phone 2 - Label,Phone 2 - Value,Phone 3 - Label,Phone 3 - Value,Phone 4 - Label,Phone 4 - Value,Phone 5 - Label,Phone 5 - Value,Phone 6 - Label,Phone 6 - Value,Phone 7 - Label,Phone 7 - Value,Phone 8 - Label,Phone 8 - Value,Address 1 - Label,Address 1 - Formatted,Address 1 - Street,Address 1 - City,Address 1 - PO Box,Address 1 - Region,Address 1 - Postal Code,Address 1 - Country,Address 1 - Extended Address,Relation 1 - Label,Relation 1 - Value,Website 1 - Label,Website 1 - Value,Website 2 - Label,Website 2 - Value
Courtney,Gerald,Fletcher,,,,,,,Courtney Gerald Fletcher,Moore-Stewart,Building services engineer,streamline bleeding-edge architectures,1986-05-08,,,* myContacts,العمل,jpope@yahoo.com,الجوال,(334)938-3248,الهاتف,3497692816,,,,,,,,,,,,,,,"0806 Jared Rue Suite 301, Stephanietown, TN 94772",0806 Jared Rue Suite 301,Haydenport,,Washington,89176,Egypt,,صديق,Joann Sherman,موقع,http://bartlett-gutierrez.com/,,
Lindsey,Stephanie,Ramos,,,,,,,Lindsey Stephanie Ramos,Williams-Cruz,"Therapist, art",repurpose revolutionary metrics,1960-05-15,,,* myContacts,العمل,pmyers@gmail.com,الجوال,(335)350-7355x7254,الهاتف,(696)529-7784x416,,,,,,,,,,,,,,,"6562 Garrison Highway Apt. 924, Alexandrafurt, HI 47768",6562 Garrison Highway Apt. 924,Brownside,,New Mexico,19021,Egypt,,صديق,Debra Clark,موقع,http://campbell.com/,,
Joseph,Benjamin,Howell,,,,,,,Joseph Benjamin Howell,"Vargas, Lambert and Johnson",Conference centre manager,architect collaborative technologies,1926-02-04,,,* myContacts,العمل,colonandrea@gmail.com,الجوال,217.180.5377,الهاتف,520-687-6810,,,,,,,,,,,,,,,"107 Kurt Ridges, South Julie, MN 28042",107 Kurt Ridges,Jimmyland,,Texas,75735,Egypt,,صديق,Justin Weaver,موقع,http://www.benton.com/,,
Claudia,Todd,Raymond,,,,,,,Claudia Todd Raymond,"Beard, Santiago and Cummings",Radio producer,unleash world-class markets,1945-10-09,,,* myContacts,العمل,cynthiarodriguez@clayton-dean.com,الجوال,024-641-5108x8577,الهاتف,537.721.7381,,,,,,,,,,,,,,,"954 Nancy Port, Elizabethchester, WA 67791",954 Nancy Port,East Taylor,,North Dakota,50637,Egypt,,صديق,Daniel Anderson,موقع,https://www.king-davidson.info/,,
Kari,Brittany,Kennedy,,,,,,,Kari Brittany Kennedy,Boone-Munoz,Phytotherapist,expedite collaborative applications,1990-12-04,,,* myContacts,العمل,coreywebb@riley.com,الجوال,901.858.1333x7882,الهاتف,362.267.9411x1391,,,,,,,,,,,,,,,"USNV Floyd, FPO AE 28257",USNV Floyd,Christinechester,,South Dakota,88251,Egypt,,صديق,Kimberly Smith,موقع,https://www.perez.com/,,
Brent,Matthew,Cochran,,,,,,,Brent Matthew Cochran,Bowman Ltd,Animal technologist,monetize user-centric functionalities,1945-05-08,,,* myContacts,العمل,dsimpson@williamson.com,الجوال,+1-070-146-4402x2447,الهاتف,+1-824-851-9894x026,,,,,,,,,,,,,,,"0616 John Manor, North Theresa, IN 12708",0616 John Manor,North Lauren,,Pennsylvania,82847,Egypt,,صديق,Larry Hopkins,موقع,http://wilson.com/,,
Christina,Rhonda,Escobar,,,,,,,Christina Rhonda Escobar,"Sims, Pierce and Martinez",Biomedical scientist,envisioneer dynamic e-markets,1992-09-28,,,* myContacts,العمل,freemantammy@kim-bowers.net,الجوال,(572)431-8026,الهاتف,179-918-5932,,,,,,,,,,,,,,,"677 May Meadows, West Christopher, TX 92175",677 May Meadows,Lake Elizabethtown,,Wisconsin,27575,Egypt,,صديق,George Bowers,موقع,http://www.hoover.com/,,
Amanda,Jose,Schmidt,,,,,,,Amanda Jose Schmidt,"Smith, Welch and Soto",Market researcher,incentivize bleeding-edge schemas,1932-06-18,,,* myContacts,العمل,michael91@hotmail.com,الجوال,(684)566-1951x8097,الهاتف,816-653-6912x5380,,,,,,,,,,,,,,,"6030 Montgomery Brooks Apt. 643, New Debraville, ME 86226",6030 Montgomery Brooks Apt. 643,Anthonytown,,Idaho,83389,Egypt,,صديق,Jennifer Little,موقع,https://www.williams-ross.com/,,
April,Andrew,Terry,,,,,,,April Andrew Terry,"Wright, Hernandez and Sullivan",Haematologist,aggregate mission-critical experiences,1990-03-02,,,* myContacts,العمل,gmitchell@yahoo.com,الجوال,(434)145-0504x801,الهاتف,116-424-8745x96387,,,,,,,,,,,,,,,"968 Donna Cove Apt. 034, Davidside, KS 02846",968 Donna Cove Apt. 034,Susanberg,,New York,99260,Egypt,,صديق,Tiffany Ward,موقع,http://nelson.biz/,,
Jacqueline,Brian,Nelson,,,,,,,Jacqueline Brian Nelson,"Lam, Graves and King",Records manager,engage B2C functionalities,2010-11-21,,,* myContacts,العمل,griffithjane@stewart-hernandez.com,الجوال,(625)956-1594x93466,الهاتف,+1-676-991-7254x461,,,,,,,,,,,,,,,"05377 Jasmine Roads, Lake Cynthia, WY 16639",05377 Jasmine Roads,Johnsonmouth,,Connecticut,75089,Egypt,,صديق,Michael Trevino,موقع,https://diaz-thomas.info/,,
